f_env,f_people,f_machine
0.0,-0.5666858186229954,1.0
0.005141571982779475,0.37063263823996384,0.9995065603657316
0.010283019941676304,-0.42683228030533416,0.9980267284282716
0.015424219857704088,1.2390741686642355,0.99556196460308
0.02056504772166874,1.2003789449010036,0.9921147013144779
0.025705379539064148,1.2850612194797189,0.9876883405951378
0.03084509133496727,1.611829596193439,0.9822872507286887
0.03598405915893245,1.8179517085439945,0.9759167619387474
0.04112215908988478,1.7096757514865613,0.9685831611286311
0.046259267241012265,2.0850678933877966,0.9602936856769431
0.051395259764656684,2.2710660281911603,0.9510565162951535
0.05653001285720289,1.97044166075353,0.9408807689542255
0.06166340276396636,2.2722698204046954,0.9297764858882515
0.06679530578407877,2.836992469059898,0.9177546256839811
0.07192559827537158,1.719325479299668,0.9048270524660196
0.07705415665925716,1.6456225572655698,0.8910065241883679
0.08218085742560745,2.962608715626563,0.8763066800438636
0.08730557713762996,1.8683518532733805,0.8607420270039436
0.09242819243674084,1.2349733127734797,0.8443279255020151
0.09754858004743486,1.2122726043558594,0.8270805742745618
0.10266661678215214,0.45249629778082034,0.8090169943749475
0.10778217954614125,1.0667316532842035,0.7901550123756904
0.11289514534231902,0.8338165990855811,0.7705132427757893
0.11800539127612608,1.486872790585269,0.7501110696304596
0.12311279456037853,0.6231264217792154,0.7289686274214116
0.12821723252011544,0.5259344055193373,0.7071067811865476
0.1333185825974418,-0.24482814565442382,0.6845471059286886
0.13841672235636693,-0.7117422565334963,0.6613118653236519
0.143511529487638,-0.013810988603580321,0.6374239897486897
0.14860288181356868,-0.28597970792848637,0.6129070536529765
0.1536906572928623,-1.1017030559464553,0.5877852522924732
0.15877473402543013,-1.3711251454505768,0.5620833778521307
0.16385499025720351,-2.344872082805754,0.5358267949789965
0.16893130438494067,-2.5353880839670526,0.5090414157503712
0.17400355496102732,-2.046935615525872,0.48175367410171516
0.17907162069827126,-2.4108296479453206,0.4539904997395468
0.18413538047469058,-1.764973150564267,0.42577929156507266
0.1891947133382953,-2.189359220294464,0.39714789063478056
0.19424949851186235,-2.5635476373035466,0.3681245526846781
0.1992996153977037,-0.6230893275698919,0.3387379202452915
0.20434494358242739,-1.6768562519454964,0.30901699437494745
0.20938536284169107,-2.3682994535496023,0.2789911060392295
0.21442075314494846,-0.5717513173933144,0.24868988716485474
0.2194509946601878,-1.0907255662082735,0.2181432413965427
0.22447596775866258,-1.6475835563327235,0.18738131458572474
0.22949555301961463,-0.7806962084155139,0.15643446504023092
0.23450963123498805,-0.9177834892384014,0.12533323356430448
0.2395180834141359,-0.7978738833465079,0.09410831331851428
0.24452079078851746,-0.6141030222130134,0.06279051952931353
0.24951763481638697,-0.478482231004565,0.031410759078128396
0.2545084971874737,0.539048432622315,6.123233995736766e-17
0.25949325982765237,0.672005910385074,-0.03141075907812828
0.2644718049036048,0.5616841698315096,-0.0627905195293134
0.2694440148274712,0.677241916409969,-0.09410831331851438
0.2744097722614933,0.7345837788274221,-0.12533323356430415
0.2793689601226457,0.5838816081026126,-0.1564344650402308
0.2843214615872585,2.507856019431162,-0.1873813145857246
0.28926716009562947,1.8470751396829554,-0.21814324139654234
0.29420593935662537,0.9617090403948454,-0.24868988716485485
0.2991376833522728,2.913537159321068,-0.27899110603922916
0.30406227634233896,1.5995343466919947,-0.3090169943749471
0.30897960286890025,2.062615196004828,-0.33873792024529137
0.3138895477609005,1.823175549541444,-0.36812455268467775
0.31879199613869824,2.6116233599990544,-0.3971478906347807
0.3236868334186012,1.7978293047191214,-0.4257792915650727
0.32857394531739026,1.9370722932309907,-0.45399049973954675
0.33345321785683135,0.9334636335827556,-0.48175367410171543
0.3383245373681745,1.929611089939567,-0.5090414157503713
0.34318779049664205,3.207439881043837,-0.5358267949789969
0.34804286420590314,1.667229236054315,-0.5620833778521307
0.35288964578253634,2.3961650189021624,-0.587785252292473
0.3577280228404795,2.913955450060749,-0.6129070536529766
0.36255788332546646,2.018822435461061,-0.6374239897486897
0.36737911551945074,-0.6924826352412738,-0.6613118653236517
0.3721916080450161,-0.03905052269186815,-0.6845471059286887
0.3769952498697734,0.04772454608305582,-0.7071067811865475
0.38178993031074393,-0.632372066073978,-0.7289686274214113
0.38657553903872915,-0.9829124406469867,-0.7501110696304595
0.39135196608266626,-0.14822145033653067,-0.7705132427757891
0.3961191018339696,-0.2945638131778895,-0.7901550123756904
0.40087683705085764,0.15981277707025843,-0.8090169943749473
0.40562506286266614,-1.586045462837009,-0.8270805742745616
0.41036367077414576,-1.4536895622994834,-0.8443279255020149
0.41509255266974543,-1.8019863354238765,-0.8607420270039438
0.4198116008178804,-1.4506109298361676,-0.8763066800438636
0.4245207078751856,-2.1599793164153382,-0.8910065241883678
0.42921976689075325,-1.7570559068240683,-0.9048270524660194
0.4339086713103547,-3.0852833080223965,-0.9177546256839809
0.4385873149806478,-1.8520522073581955,-0.9297764858882513
0.443255592153367,-2.1590607027226,-0.9408807689542255
0.4479133974894983,-2.0634426693740013,-0.9510565162951535
0.4525606260634379,-2.64172795107894,-0.960293685676943
0.45719717336713456,-1.798798713517213,-0.968583161128631
0.4618229353142151,-0.7682274882154877,-0.9759167619387473
0.466437808244094,-2.2649402536727403,-0.9822872507286887
0.4710416889260653,-0.7703091229931227,-0.9876883405951377
0.47563447456337826,-0.001767535079866711,-0.9921147013144778
0.4802160627972954,-0.5063767181885875,-0.99556196460308
0.48478635171113377,-1.4296877854428347,-0.9980267284282716
0.48934523983428807,-0.1788317236626357,-0.9995065603657316
0.4938926261462366,-1.379093488424379,-1.0
0.4984284100805296,1.0829700195230543,-0.9995065603657316
0.5029524915287594,0.13228413510555592,-0.9980267284282716
0.5074647708445124,1.967396011478303,-0.99556196460308
0.5119651488473027,0.9905869251113875,-0.9921147013144779
0.5164535268264883,1.7332511472604017,-0.9876883405951378
0.5209298065451672,1.3548227124214696,-0.9822872507286886
0.5253938902440562,1.9804876276694472,-0.9759167619387474
0.5298456806453502,1.4238513414376797,-0.9685831611286312
0.5342850809565622,1.5517990371810306,-0.9602936856769432
0.5387119948743448,1.2715089725016848,-0.9510565162951536
0.5431263265882922,1.4963009569169659,-0.9408807689542255
0.5475279807847221,2.9498270124477943,-0.9297764858882515
0.5519168626504394,1.0275762260402648,-0.9177546256839813
0.5562928778764782,2.17700891749422,-0.9048270524660197
0.5606559326618259,1.0304393578345983,-0.8910065241883677
0.5650059337171258,2.4464273832955077,-0.8763066800438636
0.56934278826836,1.8788266280007808,-0.8607420270039436
0.5736664040605122,2.6108412570782953,-0.8443279255020152
0.5779766893612096,0.8126872224429441,-0.827080574274562
0.5822735529643444,0.5119418030817352,-0.8090169943749478
0.5865569041936742,0.8770849568185624,-0.7901550123756903
0.5908266529064025,0.6499786787940047,-0.7705132427757893
0.5950827094967364,0.639286032659881,-0.7501110696304597
0.5993249848994247,-0.08816795950967238,-0.7289686274214119
0.6035533905932737,-0.7628299958674323,-0.7071067811865479
0.6077678386046427,-1.0372944442681458,-0.6845471059286886
0.6119682415109156,-0.6635004167869447,-0.6613118653236519
0.6161545124439535,-0.040937767873675646,-0.6374239897486895
0.6203265650935232,-1.407769164451178,-0.6129070536529765
0.6244843137107057,-1.517714280518846,-0.5877852522924732
0.6286276731112801,-1.0581113332159913,-0.5620833778521309
0.632756558679087,-1.5440558906038613,-0.5358267949789963
0.6368708863693696,-1.3247472899914752,-0.5090414157503711
0.6409705727120911,-1.8500786662388427,-0.48175367410171527
0.6450555348152298,-1.9903616863005054,-0.4539904997395469
0.6491256903680519,-0.9871587911896748,-0.42577929156507216
0.653180957644361,-0.3692748822621139,-0.3971478906347803
0.657221255505724,-2.462428910393851,-0.3681245526846778
0.661246503404675,-2.016762152509959,-0.33873792024529137
0.6652566213878947,-1.6927361801467182,-0.30901699437494756
0.6692515300993669,-2.6893220152362542,-0.2789911060392296
0.6732311507835118,-2.7505268336619055,-0.24868988716485443
0.677195405288294,-1.6861523840443684,-0.21814324139654237
0.6811442160683094,-1.3193647459008677,-0.18738131458572463
0.6850775061878451,-1.4136204862059571,-0.15643446504023104
0.6889951993239176,-1.5413395485016177,-0.1253332335643046
0.6928972197692855,-1.4340939585687131,-0.09410831331851396
0.6967834924354382,-0.9071379597569171,-0.06279051952931321
0.7006539428555609,0.10230601073075735,-0.0314107590781283
0.7045084971874738,0.8551333384489593,-1.8369701987210297e-16
0.708347082216547,-0.12629213077043305,0.03141075907812793
0.712169625358592,-0.46127361006004464,0.06279051952931283
0.7159760546627262,0.2562560563871111,0.09410831331851449
0.7197662988142137,0.18593071676968487,0.12533323356430423
0.7235402871372809,1.9284003816250284,0.15643446504023067
0.7272979495979063,1.3773668577689309,0.18738131458572427
0.7310392168065856,1.8460725031509988,0.218143241396542
0.7347640200210709,2.0945237800182364,0.24868988716485493
0.7384722911490845,1.8214626823683115,0.2789911060392292
0.7421639627510075,2.063643481379098,0.30901699437494723
0.7458389680425416,1.1069331280957715,0.33873792024529104
0.7494972408973459,1.6251907123849656,0.3681245526846774
0.7531387158496476,2.395435592439869,0.39714789063477995
0.7567633280968261,1.8923097921266936,0.4257792915650718
0.7603710135019718,2.6630864099848806,0.4539904997395458
0.7639617085964177,2.724304158809008,0.4817536741017157
0.7675353505822451,1.8851176568375154,0.5090414157503715
0.7710918773347628,1.6191634203317835,0.5358267949789968
0.77463122740496,2.220023322335736,0.5620833778521306
0.7781533400219318,0.533279548716202,0.5877852522924729
0.7816581550952781,1.1630567080132321,0.6129070536529762
0.7851456132174767,0.5877092070779413,0.6374239897486893
0.7886156556662276,0.9582829839592237,0.6613118653236513
0.7920682244067723,-0.7305136226329485,0.684547105928688
0.795503262094184,0.5420971808009157,0.7071067811865468
0.7989207120756319,-0.9681990330530854,0.7289686274214112
0.8023205183926179,-1.0084609908695157,0.7501110696304598
0.8057026257831855,-1.0554284600716424,0.7705132427757894
0.8090669796841015,-0.1549169945045985,0.7901550123756903
0.8124135262330098,-1.0544312419181465,0.8090169943749473
0.8157422122705584,-1.72003197477248,0.8270805742745616
0.8190529853424978,-1.903420437589173,0.8443279255020147
0.8223457937017513,-1.8168861349833687,0.8607420270039433
0.8256205863104588,-1.4396509697984157,0.8763066800438631
0.8288773128419905,-1.349809885882621,0.8910065241883678
0.8321159236829352,-1.1103763832642706,0.9048270524660194
0.8353363699350574,-4.147305200645353,0.9177546256839813
0.8385386034172291,-1.44647604883744,0.9297764858882515
0.8417225766673306,-2.061337557920856,0.9408807689542255
0.8448882429441258,-2.011536001469014,0.9510565162951535
0.8480355562291055,-2.024680659040989,0.960293685676943
0.851164471228306,-1.2373484841286446,0.968583161128631
0.8542749433740962,-1.7420605798808086,0.9759167619387472
0.857366928826937,-1.1694065334258295,0.9822872507286887
0.8604403844771127,-0.7527073743948824,0.9876883405951377
0.8634952679464323,-0.40191492131591466,0.9921147013144778
0.8665315375899024,-2.339714415624,0.99556196460308
0.8695491524973722,-0.15370019230012738,0.9980267284282716
0.8725480724951473,0.00034587090051585445,0.9995065603657316
0.8755282581475767,0.69751032648795,1.0
0.8784896707586094,1.10517883007404,0.9995065603657316
0.8814322723733214,0.42185632618982455,0.9980267284282716
0.8843560257794152,-0.4015947597267391,0.99556196460308
0.887260894508688,0.6928728583743486,0.9921147013144779
0.8901468428384716,1.0173827993442992,0.9876883405951378
0.8930138357930429,2.8039892470138468,0.9822872507286887
0.8958618391450048,0.8746179067896064,0.9759167619387475
0.898690819416637,1.085285420432103,0.9685831611286311
0.9015007438812175,1.8324151586976818,0.9602936856769431
0.9042915805643155,0.9323225049654844,0.9510565162951536
0.9070632982450529,2.59330533446242,0.9408807689542257
0.9098158664573369,1.5744857942268426,0.9297764858882513
0.9125492554910632,1.1722745539811317,0.9177546256839811
0.9152634363932886,2.545751277505256,0.9048270524660196
0.9179583809693737,3.0245732988378844,0.891006524188368
0.9206340617840967,1.5587664716323886,0.8763066800438638
0.9232904521627361,2.0901100333377656,0.860742027003944
0.9259275261921234,2.008761395993825,0.8443279255020155
0.928545258721667,0.7106667094253568,0.8270805742745618
0.9311436253643444,1.379079491454855,0.8090169943749476
0.9337226024976648,1.2937163027579026,0.7901550123756901
0.9362821672646027,0.2373842586743372,0.770513242775789
0.9388222975744991,0.6582816234693989,0.7501110696304595
0.941342972103934,0.4363640907374414,0.7289686274214116
0.9438441702975688,0.30122615885078297,0.7071067811865477
0.946325872368957,-1.0990970868844459,0.684547105928689
0.9487880593013255,-0.5037656849352565,0.6613118653236524
0.9512307128483256,-0.24885908810715662,0.6374239897486903
0.9536538155347534,-1.1351344708639248,0.6129070536529773
0.956057350657239,-1.495504258991545,0.5877852522924727
0.9584413022849069,-1.4226175851153169,0.5620833778521303
0.9608056552600042,-0.8997301498172617,0.5358267949789964
0.9631503951984994,-1.5354149207315873,0.5090414157503712
0.9654755084906501,-1.5559755367594463,0.4817536741017154
0.96778098230154,-1.9842698467771074,0.453990499739547
0.9700668045715863,-0.9724623681482654,0.42577929156507305
0.972332964017015,-2.3329558537055,0.39714789063478123
0.974579450130307,-2.375791222984839,0.36812455268467875
0.9768062531806126,-2.4317778502969767,0.3387379202452923
0.9790133642141358,-1.8123838616307182,0.30901699437494856
0.9812007750544876,-2.4780388605084167,0.27899110603922883
0.9833684783030088,-2.4920518652416,0.24868988716485457
0.9855164673390624,-2.063969582193372,0.2181432413965425
0.9876447363202946,-1.0564262664961994,0.18738131458572474
0.9897532801828658,-0.22834511638738486,0.15643446504023117
0.99184209464165,0.15331191244792597,0.12533323356430473
0.9939111761904045,-0.3564539212750902,0.09410831331851498
0.9959605221019081,-0.8814214366587025,0.0627905195293142
0.9979901304280685,0.35408118562259044,0.03141075907812931
1.0,0.5410058638289629,1.1943401194869635e-15
1.0019901304280685,0.27813852912980985,-0.031410759078128694
1.0039605221019081,0.8322988097616502,-0.0627905195293136
1.0059111761904045,-0.5194046688079548,-0.09410831331851437
1.00784209464165,1.599378188999522,-0.12533323356430412
1.0097532801828657,1.4986816737623039,-0.15643446504023142
1.0116447363202945,0.7847641579238429,-0.18738131458572502
1.0135164673390624,1.9247190085572345,-0.21814324139654276
1.0153684783030088,2.2286283200591983,-0.24868988716485482
1.0172007750544876,2.508900403222915,-0.2789911060392291
1.019013364214136,1.8061606727118458,-0.3090169943749471
1.0208062531806126,2.5764074067716605,-0.3387379202452909
1.022579450130307,2.3192285256486462,-0.3681245526846773
1.024332964017015,2.239486204651095,-0.39714789063478145
1.0260668045715864,2.0001373539931646,-0.4257792915650733
1.02778098230154,2.5601358084612205,-0.4539904997395473
1.0294755084906502,1.4738466248857134,-0.4817536741017156
1.0311503951984995,1.6324158887488218,-0.5090414157503714
1.0328056552600042,1.7868665015432226,-0.5358267949789967
1.0344413022849068,2.132149067575294,-0.5620833778521305
1.036057350657239,2.3827379849673993,-0.5877852522924729
1.0376538155347532,1.3645828044568336,-0.612907053652976
1.0392307128483256,0.04411665726429048,-0.6374239897486905
1.0407880593013255,1.5328655797549173,-0.6613118653236526
1.042325872368957,0.9542381471673556,-0.6845471059286892
1.043844170297569,-0.47180896323128063,-0.7071067811865479
1.045342972103934,1.2481108027732282,-0.7289686274214118
1.046822297574499,-0.2793905696208876,-0.7501110696304597
1.0482821672646028,-0.9782501840376943,-0.7705132427757893
1.049722602497665,-1.2686044042792395,-0.7901550123756903
1.0511436253643445,-1.061931551120274,-0.8090169943749472
1.052545258721667,-0.44091735607890914,-0.8270805742745615
1.0539275261921235,-1.0555986486085769,-0.8443279255020147
1.055290452162736,-0.767487986578451,-0.8607420270039441
1.0566340617840968,-1.527363541016665,-0.8763066800438639
1.0579583809693738,-2.307218057018655,-0.8910065241883681
1.0592634363932887,-1.3004833875899522,-0.9048270524660197
1.0605492554910634,-1.0045256805865685,-0.9177546256839813
1.0618158664573372,-2.003919809510131,-0.9297764858882515
1.0630632982450527,-2.4427964739585812,-0.9408807689542255
1.0642915805643156,-2.570315852025896,-0.9510565162951534
1.0655007438812176,-2.1343573458525906,-0.960293685676943
1.066690819416637,-2.8382664053118543,-0.968583161128631
1.0678618391450048,-0.9716657120877499,-0.9759167619387472
1.0690138357930428,-1.0058325681078895,-0.9822872507286888
1.0701468428384715,-2.5443716522906934,-0.9876883405951378
1.0712608945086879,-1.6174171082152564,-0.9921147013144779
1.0723560257794151,-0.5920492112838391,-0.99556196460308
1.0734322723733214,-0.2265454069345882,-0.9980267284282716
1.0744896707586093,-0.9135918895496002,-0.9995065603657316
1.075528258147577,1.0500515781704152,-1.0
1.0765480724951473,-0.18263806092292495,-0.9995065603657316
1.0775491524973722,0.24172285045205122,-0.9980267284282716
1.0785315375899025,0.5265557273803269,-0.9955619646030801
1.0794952679464322,1.8074220157132768,-0.992114701314478
1.0804403844771127,1.3135543692254072,-0.9876883405951377
1.081366928826937,1.451804853640067,-0.9822872507286886
1.0822749433740961,1.4718789345152539,-0.9759167619387473
1.0831644712283062,2.423301247683361,-0.9685831611286311
1.0840355562291055,2.2850527779073224,-0.9602936856769432
1.0848882429441258,1.9414176534923355,-0.9510565162951536
1.0857225766673306,1.0378434559360072,-0.9408807689542257
1.086538603417229,1.9104104920479439,-0.9297764858882517
1.0873363699350573,1.2028811158559156,-0.9177546256839815
1.0881159236829352,1.5324552286700739,-0.90482705246602
1.0888773128419906,2.904319169721923,-0.8910065241883677
1.0896205863104589,2.9073938011396274,-0.8763066800438635
1.0903457937017516,1.532607184631271,-0.8607420270039435
1.0910529853424977,2.8003083465903678,-0.8443279255020151
1.0917422122705585,1.271890054430841,-0.8270805742745619
1.0924135262330097,0.8348512558512124,-0.8090169943749477
1.0930669796841015,1.0847878475553032,-0.7901550123756907
1.0937026257831857,0.5449994417586402,-0.7705132427757897
1.094320518392618,0.8499308994069847,-0.7501110696304601
1.094920712075632,-0.5887699639701142,-0.7289686274214123
1.095503262094184,0.9199192575744723,-0.7071067811865485
1.0960682244067723,-0.08446125933671378,-0.6845471059286897
1.0966156556662277,-1.2128653519959558,-0.6613118653236518
1.0971456132174768,-0.16625631894868453,-0.6374239897486911
1.0976581550952782,-0.9764447450431079,-0.6129070536529767
1.0981533400219319,-1.0782950111095069,-0.5877852522924749
1.09863122740496,-0.9098074376166734,-0.562083377852131
1.0990918773347627,-1.0260533123249198,-0.5358267949789958
1.0995353505822452,-1.3445091504796236,-0.5090414157503721
1.0999617085964177,-1.9034791296268507,-0.4817536741017147
1.100371013501972,-1.6149805131631387,-0.45399049973954797
1.100763328096826,-2.124705349911494,-0.4257792915650724
1.1011387158496477,-1.62643282571692,-0.3971478906347821
1.1014972408973458,-2.411381692060612,-0.36812455268467803
1.1018389680425418,-1.5611927823668692,-0.33873792024529326
1.1021639627510076,-2.1788883261410517,-0.30901699437494784
1.1024722911490845,-2.2352605102866745,-0.27899110603923155
1.1027640200210709,-1.1434261630237739,-0.24868988716485554
1.1030392168065857,-1.5872847854609464,-0.21814324139654176
1.1032979495979065,-0.5879785526994866,-0.18738131458572574
1.1035402871372808,-1.5591463307834543,-0.1564344650402304
1.1037662988142138,-0.7958020984717442,-0.12533323356430573
1.1039760546627262,-1.5039882744173556,-0.09410831331851421
1.1041696253585922,-0.32025019092528173,-0.06279051952931522
1.104347082216547,0.8112781672104952,-0.03141075907812854
1.104508497187474,-0.645345820180377,-2.2049832191018243e-15
1.104653942855561,-0.32167933835035173,0.03141075907812769
1.1047834924354385,0.32028862604339337,0.0627905195293126
1.1048972197692855,0.6348616231958668,0.09410831331851335
1.1049951993239175,0.6089492101474482,0.12533323356430487
1.1050775061878453,1.220975553543571,0.15643446504022956
1.1051442160683094,1.6903055881743345,0.1873813145857249
1.1051954052882942,0.13182845918013464,0.2181432413965409
1.1052311507835118,0.5319280522425616,0.2486898871648547
1.1052515300993668,1.6777640242857395,0.2789911060392273
1.1052566213878947,2.5431021487928818,0.309016994374947
1.105246503404675,1.9150365274264376,0.3387379202452908
1.105221255505724,1.1596293378733447,0.3681245526846772
1.105180957644361,1.9234491609054196,0.39714789063478134
1.105125690368052,2.092539990125432,0.4257792915650716
1.1050555348152296,1.1865054137234194,0.4539904997395472
1.104970572712091,1.1746849755501771,0.48175367410171394
1.1048708863693697,1.7035512879713328,0.5090414157503713
1.104756558679087,1.8302077823988432,0.535826794978995
1.1046276731112799,1.623286521706473,0.5620833778521304
1.1044843137107059,1.2093288125233146,0.5877852522924728
1.1043265650935232,0.20606333718133651,0.612907053652976
1.1041545124439536,0.4769413309943992,0.6374239897486891
1.1039682415109158,0.6279475222701497,0.6613118653236512
1.1037678386046426,0.9076279258402111,0.6845471059286891
1.1035533905932737,-1.142494611595122,0.7071067811865466
1.1033249848994247,-0.42904736609351046,0.7289686274214117
1.1030827094967364,-0.12034321328205416,0.7501110696304584
1.1028266529064026,0.3026047606448974,0.7705132427757891
1.1025569041936745,-0.6713297684831322,0.7901550123756902
1.1022735529643444,-1.2240840773032975,0.8090169943749471
1.1019766893612097,-0.38766301087134747,0.8270805742745615
1.1016664040605124,-1.7034138705462203,0.8443279255020146
1.1013427882683602,-1.7101575372005147,0.8607420270039431
1.1010059337171259,-1.1417898605536174,0.876306680043863
1.100655932661826,-1.9209236123217086,0.891006524188368
1.1002928778764782,-1.5974305197751575,0.9048270524660189
1.0999168626504394,-1.778831790216849,0.9177546256839811
1.0995279807847222,-1.855464268990042,0.9297764858882513
1.099126326588292,-2.5854520318326624,0.9408807689542253
1.098711994874345,-2.2519534065439224,0.9510565162951534
1.0982850809565623,-1.1926171980883082,0.9602936856769428
1.0978456806453503,-1.8577484603942112,0.968583161128631
1.0973938902440563,-1.536543307853408,0.9759167619387472
1.0969298065451674,-0.22521860924608417,0.9822872507286885
1.0964535268264881,-2.291755148660948,0.9876883405951375
1.0959651488473026,-1.6113011849993701,0.9921147013144779
1.0954647708445124,-0.24168973207781036,0.99556196460308
1.0949524915287594,-1.2438067118189466,0.9980267284282716
1.0944284100805297,0.8085860052502722,0.9995065603657316
1.0938926261462367,0.6497088548358749,1.0
1.0933452398342882,0.7027627068587338,0.9995065603657316
1.0927863517111338,0.24002535809724718,0.9980267284282717
1.0922160627972957,-0.3799009046484829,0.9955619646030801
1.0916344745633784,0.5993473734147977,0.992114701314478
1.0910416889260655,0.7251226362170468,0.987688340595138
1.0904378082440942,2.2383450121557464,0.9822872507286886
1.089822935314215,2.4371717728309683,0.9759167619387474
1.0891971733671346,1.571341673396709,0.9685831611286312
1.088560626063438,2.03456915198232,0.9602936856769432
1.0879133974894983,1.718326867704495,0.9510565162951538
1.087255592153367,1.4813734302070787,0.9408807689542257
1.086587314980648,1.6065732409733309,0.9297764858882517
1.0859086713103547,1.7933499435888969,0.9177546256839816
1.0852197668907535,3.482137309835899,0.90482705246602
1.0845207078751857,0.6875337117178146,0.8910065241883677
1.0838116008178804,0.38635501960717633,0.8763066800438635
1.0830925526697455,0.9718527409875107,0.8607420270039436
1.0823636707741457,1.9291697468791236,0.8443279255020152
1.081625062862666,1.067421081363337,0.827080574274562
1.0808768370508575,-0.2854555215755048,0.8090169943749478
1.0801191018339698,1.2601142860063872,0.7901550123756909
1.0793519660826663,1.2510394479345555,0.7705132427757898
1.0785755390387293,0.8372333540645842,0.7501110696304603
1.0777899303107439,0.27496164501525683,0.7289686274214111
1.0769952498697735,-0.5023484794246941,0.7071067811865486
1.0761916080450162,-0.04424869679195628,0.6845471059286885
1.0753791155194508,-0.6184503747194243,0.6613118653236518
1.0745578833254665,-0.08366423825709668,0.6374239897486899
1.0737280228404793,-0.6419789776767066,0.6129070536529768
1.0728896457825363,-0.7600382156799523,0.5877852522924736
1.072042864205903,-0.92024384946304,5.562083377852131
1.071187790496642,-1.8844428952630383,0.5358267949789973
1.0703245373681747,-2.72628700826266,0.5090414157503707
1.0694532178568315,-2.186421221274477,0.4817536741017164
1.0685739453173904,-1.7539013650965365,0.45399049973954647
1.0676868334186014,-1.807781850458516,0.4257792915650741
1.0667919961386982,-2.4817124238714876,0.3971478906347806
1.0658895477609005,-1.5106904761352735,0.36812455268467814
1.0649796028689003,-1.318664304632513,0.3387379202452917
1.0640622763423389,-1.4404451813107446,0.30901699437494795
1.063137683352273,-1.9755330363289234,0.27899110603922994
1.0622059393566254,-1.4690071601229482,0.24868988716485393
1.0612671600956296,-0.48834967695411713,0.2181432413965436
1.0603214615872585,-2.6586332036802727,0.18738131458572413
1.059368960122646,-2.50251422942691,0.15643446504023228
1.0584097722614934,-0.8154885721808345,0.1253332335643041
1.0574440148274713,-0.34629600282192635,0.0941083133185161
1.0564718049036048,0.12144776421908948,0.06279051952931357
1.0554932598276523,-0.7780692136947285,0.03141075907812867
1.0545084971874739,-0.3625347522269565,5.51091059616309e-16
1.053517634816387,1.0401084436804804,-0.03141075907812934
1.0525207907885175,0.42455011535360404,-0.06279051952931247
1.051518083414136,0.3817562793111265,-0.094108313318515
1.0505096312349882,1.3550578804132842,-0.12533323356430298
1.0494955530196146,0.6590839499101576,-0.1564344650402312
1.0484759677586628,0.8615439714903783,-0.18738131458572305
1.047450994660188,0.34598507174558146,-0.21814324139654254
1.0464207531449485,1.7407227359934518,-0.24868988716485288
1.0453853628416911,1.1059107926594764,-0.2789911060392289
1.0443449435824275,1.4768132596623325,-0.30901699437494856
1.0432996153977037,2.3210784300571228,-0.3387379202452907
1.0422494985118624,2.1874248485889405,-0.36812455268467875
1.0411947133382955,2.10868035709697,-0.3971478906347796
1.0401353804746905,1.8240392328158201,-0.4257792915650731
1.0390716206982715,1.7780895045355682,-0.45399049973954547
1.0380035549610274,2.2345765338163206,-0.4817536741017154
1.0369313043849409,2.251439388192547,-0.5090414157503698
1.0358549902572036,1.20793775830038,-0.5358267949789964
1.0347747340254303,1.092604823756484,-0.5620833778521288
1.0336906572928624,1.24857404453763,-0.5877852522924727
1.0326028818135686,1.788749149161115,-0.6129070536529773
1.0315115294876382,0.2921963156912013,-0.637423989748689
1.030416722356367,0.34437960023875225,-0.6613118653236524
1.029318582597442,-0.08844833131239282,-0.6845471059286877
1.0282172325201155,-0.926430825991011,-0.7071067811865477
1.0271127945603786,0.13509250469301937,-0.7289686274214104
1.0260053912761262,-0.0494023359592905,-0.7501110696304595
1.0248951453423194,-1.5187515964401959,-0.7705132427757879
1.0237821795461413,-1.3985033006319831,-0.7901550123756901
1.0226666167821523,-2.015456958010295,-0.809016994374946
1.0215485800474349,-1.4959692366333353,-0.8270805742745614
1.0204281924367407,-1.1527913726223984,-0.8443279255020155
1.01930557713763,-1.396103449520368,-0.8607420270039431
1.0181808574256075,-1.2427555791078686,-0.8763066800438638
1.0170541566592572,-2.517478311484251,-0.8910065241883672
1.0159255982753717,-1.5467692428153823,-0.9048270524660196
1.0147953057840788,-2.3917436829307896,-0.9177546256839804
1.0136634027639664,-1.4986827238006422,-0.9297764858882513
1.012530012857203,-1.630585629008319,-0.9408807689542247
1.0113952597646567,-1.894665873135803,-0.9510565162951534
1.010259267241012,-1.2229626039267416,-0.9602936856769434
1.009122159089885,-0.9624115471436822,-0.9685831611286309
1.0079840591589324,-1.118600751987477,-0.9759167619387475
1.0068450913349674,-2.060334890119273,-0.9822872507286884
1.005705379539064,-1.8155230544421204,-0.9876883405951378
1.004565047721669,-1.235752175939501,-0.9921147013144777
1.003424219857704,-1.3171412624642107,-0.99556196460308
1.0022830199416763,-0.6943320711144619,-0.9980267284282714
1.0011415719827796,-0.8373641859533296,-0.9995065603657315
1.0,0.3791667006957235,-1.0
0.9988584280172206,-0.21564492859616774,-0.9995065603657316
0.9977169800583237,0.5412203129874942,-0.9980267284282716
0.9965757801422959,1.0642929996320714,-0.9955619646030801
0.9954349522783312,0.5621327775728264,-0.9921147013144778
0.994294620460936,0.6528423089221197,-0.987688340595138
0.9931549086650326,1.5265447770148435,-0.9822872507286886
0.9920159408410677,1.705655132325913,-0.9759167619387478
0.9908778409101153,0.807269636334179,-0.9685831611286312
0.9897407327589878,1.9706363245674123,-0.9602936856769437
0.9886047402353434,1.8255162235130893,-0.9510565162951532
0.9874699871427973,1.2243702877281404,-0.9408807689542258
0.9863365972360336,3.8508343592404497,-0.9297764858882511
0.9852046942159212,1.844473156052987,-0.9177546256839816
0.9840744017246286,1.4180104618405693,-0.9048270524660194
0.9829458433407428,2.246053513899011,-0.8910065241883686
0.9818191425743926,1.9858028564416117,-0.8763066800438636
0.9806944228623702,1.974277838339952,-0.8607420270039428
0.9795718075632592,0.8936330324099165,-0.8443279255020152
0.9784514199525651,0.28752583941214205,-0.827080574274561
0.9773333832178481,1.3741176879184942,-0.8090169943749478
0.9762178204538587,1.376174824810702,-0.7901550123756897
0.9751048546576812,1.6332024297249417,-0.7705132427757898
0.9739946087238741,0.4432223792705782,-0.7501110696304591
0.9728872054396214,0.5941686372829275,-0.7289686274214124
0.9717827674798847,-1.009657991189051,-0.7071067811865474
0.9706814174025583,-0.4942399241288893,-0.6845471059286873
0.9695832776436332,0.5077105676548596,-0.6613118653236519
0.968488470512362,0.1270166013625269,-0.6374239897486885
0.9673971181864316,-1.402759260192509,-0.6129070536529768
0.9663093427071376,-1.6558638382687998,-0.5877852522924722
0.96522526597457,-1.5735447837215402,-0.5620833778521312
0.9641450097427966,-1.2650378287876813,-0.535826794978996
0.9630686956150595,-2.0584192966409565,-0.5090414157503723
0.9619964450389727,-1.4768299878983548,-0.48175367410171493
0.9609283793017288,-1.79472850819211,-0.453990499739545
0.9598646195253094,-1.373549153022068,-0.4257792915650726
0.9588052866617047,-1.792151489679508,4.602852109365221
0.9577505014881379,-1.6910128773081254,-0.36812455268467825
0.9567003846022962,-2.759742897905865,-0.33873792024529015
0.9556550564175728,-1.5766882443156034,-0.30901699437494806
0.9546146371583091,-0.8630953152857821,-0.27899110603922833
0.9535792468550517,-1.0157245402910475,-0.24868988716485577
0.9525490053398123,-1.8340998332658036,-0.21814324139654198
0.9515240322413374,-2.0638033759691075,-0.1873813145857225
0.9505044469803854,-1.1230546914736759,-0.15643446504023065
0.949490368765012,-0.9528296795428637,-0.12533323356430245
0.9484819165858643,-1.0208656693329703,-0.09410831331851445
0.9474792092114825,-0.6224664146925722,-0.06279051952931192
0.9464823651836132,-0.5794285703418316,-0.03141075907812879
0.9454915028125265,0.5760331405045501,1.1028010998692062e-15
0.9445067401723477,1.1158927160588503,0.03141075907812744
0.9435281950963954,0.7299415646834,0.06279051952931412
0.942555985172529,0.9353389736353419,0.09410831331851312
0.9415902277385068,-0.243565569045477,0.12533323356430462
0.9406310398773543,1.1626694749855944,0.15643446504023284
0.9396785384127417,1.7644711264457944,0.18738131458572466
0.9387328399043705,0.07893640189239925,0.21814324139654415
0.9377940606433748,1.438081452780649,0.24868988716485446
0.9368623166477273,1.3517533763595888,0.2789911060392305
0.9359377236576611,1.112552630213477,0.3090169943749468
0.9350203971310999,1.936619776716766,0.33873792024529226
0.9341104522390997,2.6490460755242795,0.368124552684677
0.9332080038613018,2.1253923737282037,0.3971478906347811
0.9323131665813991,2.1884415339271843,0.4257792915650714
0.9314260546826099,2.805812300389513,0.45399049973954697
0.9305467821431687,2.4836319619051435,0.4817536741017168
0.9296754626318257,2.1189799125714774,0.5090414157503712
0.9288122095033581,1.4969387846522595,0.5358267949789979
0.927957135794097,2.140324215083487,0.5620833778521301
0.9271103542174638,1.6323020158152408,0.587785252292474
0.9262719771595208,0.8051149495214682,0.6129070536529758
0.9254421166745336,0.6969898570032527,0.6374239897486903
0.9246208844805495,1.157601756709792,0.6613118653236509
0.9238083919549841,0.5400084139991965,0.684547105928689
0.9230047501302268,-0.06819642560357625,0.7071067811865464
0.9222100696892562,-0.011715544088984592,0.7289686274214116
0.9214244609612707,-0.4785496072888352,0.7501110696304606
0.9206480339173336,0.45357144772280755,0.770513242775789
0.9198808981660304,-0.6751237012737266,5.790155012375691
0.9191231629491424,-1.0665801189672943,0.809016994374947
0.9183749371373338,-1.2126278433805258,0.8270805742745623
0.9176363292258543,-1.2934912474643805,0.8443279255020145
0.9169074473302545,-1.6965097737847592,0.8607420270039439
0.9161883991821196,-2.2538564277913453,0.8763066800438629
0.9154792921248143,-2.9341365963580435,0.8910065241883679
0.9147802331092469,-0.8777401002784551,0.9048270524660188
0.9140913286896452,-1.5736060205524438,0.917754625683981
0.913412685019352,-1.9923993364802228,0.9297764858882519
0.912744407846633,-2.051887644934292,0.9408807689542253
0.9120866025105016,-2.329417322482252,0.9510565162951539
0.911439373936562,-2.898397060062961,0.9602936856769428
0.9108028266328654,-0.7053901102952747,0.9685831611286313
0.9101770646857849,-1.5849993901486727,0.9759167619387471
0.909562191755906,-1.3648756887902098,0.9822872507286887
0.9089583110739348,-1.5699449522228623,0.9876883405951374
0.9083655254366216,-1.5453210280365677,0.9921147013144779
0.9077839372027046,-1.1545346310332083,0.9955619646030798
0.9072136482888662,-0.4397876946982474,0.9980267284282716
0.9066547601657118,-0.5111694594449113,0.9995065603657316
0.9061073738537635,0.4124463090520835,1.0
0.9055715899194704,-0.061720893163848656,0.9995065603657315
0.9050475084712406,0.19845155863328406,0.9980267284282717
0.9045352291554876,0.7060268365360401,0.99556196460308
0.9040348511526974,0.3914777915581852,0.992114701314478
0.9035464731735117,0.8611787263838884,0.9876883405951377
0.9030701934548329,1.0224290380810055,0.982287250728689
0.9026061097559438,1.3051340615472184,0.9759167619387474
0.9021543193546497,1.0747639786446244,0.9685831611286316
0.9017149190434377,1.0714547408961677,0.9602936856769432
0.9012880051256551,2.4224350286971963,0.9510565162951533
0.9008736734117078,1.9120529152539103,0.9408807689542258
0.9004720192152778,1.856687186925096,0.9297764858882511
0.9000831373495608,1.20375650082776,0.9177546256839817
0.8997071221235218,2.4215026579391115,0.9048270524660194
0.8993440673381741,2.35493381936286,0.8910065241883686
0.8989940662828743,1.1263349038248185,0.8763066800438636
0.89865721173164,1.8694499720185251,0.8607420270039446
0.8983335959394878,0.38000012047224163,0.8443279255020153
0.8980233106387905,0.40208088989431745,0.8270805742745612
0.8977264470356556,0.4921091652936269,0.8090169943749479
0.8974430958063258,-0.017408304316856915,0.7901550123756899
0.8971733470935976,-0.2078823454253529,0.7705132427757899
0.8969172905032636,0.5512008687247245,0.7501110696304593
0.8966750151005755,0.6086701242826227,0.7289686274214126
0.8964466094067263,-1.006508398619531,0.7071067811865475
0.8962321613953574,-0.549452868527637,5.68454710592869
0.8960317584890845,0.13558694939539756,0.661311865323652
0.8958454875560466,-0.23952008468275732,0.6374239897486914
0.8956734349064767,-0.4707354176519645,0.6129070536529769
0.8955156862892942,-1.7406425855770504,0.5877852522924724
0.8953723268887201,-1.4560938841832385,0.5620833778521314
0.8952434413209129,-2.320892823824876,0.5358267949789961
0.8951291136306305,-1.0140891506848018,0.5090414157503724
0.8950294272879089,-1.8284290012083886,0.48175367410171505
0.8949444651847702,-3.577943688737561,0.4539904997395483
0.8948743096319481,-1.4927698316651892,0.4257792915650727
0.8948190423556392,-1.7524534467087753,0.39714789063478245
0.8947787444942761,-1.8353470241506766,0.36812455268467836
0.8947534965953252,-2.3793581295328323,0.33873792024529364
0.8947433786121053,-1.4229565927666488,0.3090169943749482
0.8947484699006332,-1.26172268898225,0.27899110603922844
0.8947688492164885,-1.1939504027782375,0.2486898871648559
0.894804594711706,-1.1857731570713486,0.21814324139654212
0.8948557839316907,-1.2418680487811005,0.1873813145857261
0.8949224938121548,-1.646750587027121,0.15643446504023079
0.8950048006760825,-1.2754026124803648,0.1253332335643061
0.8951027802307145,-2.159783655629599,0.09410831331851457
0.8952165075645618,-1.3582352631815646,0.06279051952931558
0.8953460571444389,-0.6116365079718478,0.03141075907812891
0.8954915028125263,-0.20159948704985153,2.57237725884603e-15
0.8956529177834532,1.149767649497101,-0.03141075907812732
0.895830374641408,-0.6824780538768429,-0.06279051952931045
0.8960239453372738,0.3325081665653264,-0.09410831331851653
0.8962337011857864,0.5734076879067953,-0.1253332335643045
0.8964597128627192,0.40703562359230283,-0.1564344650402292
0.8967020504020939,0.5024941463843644,-0.18738131458572105
0.8969607831934145,1.5787056387422402,-0.218143241396544
0.8972359799789291,2.2433658624790387,-0.24868988716485435
0.8975277088509155,2.9784017687443765,-0.27899110603922694
0.8978360372489926,2.244668919354606,-0.3090169943749433
0.8981610319574584,2.3967791467156063,-0.33873792024529215
0.8985027591026542,2.252548452921922,-0.36812455268467686
0.8988612841503527,1.1157191187854278,-0.39714789063477773
0.8992366719031738,1.5510544760725167,-0.4257792915650745
0.8996289864980282,2.254951987897043,-0.45399049973954686
0.9000382914035825,2.4973929229453984,-0.4817536741017136
0.9004646494177553,1.66648821364113,-0.509041415750368
0.9009081226652373,0.8833562306542692,-0.5358267949789978
0.9013687725950401,1.6760833065669614,-0.56208337785213
0.9018466599780683,2.7005080755039175,-0.587785252292471
0.902341844904722,-0.4013417408372002,-0.6129070536529729
0.9028543867825234,3.01947910992996,-0.6374239897486902
0.9033843443337726,1.4394592927653083,-0.6613118653236508
0.9039317755932279,0.46677134660074016,-0.6845471059286863
0.9044967379058162,0.08681546305554559,-0.7071067811865488
0.9050792879243681,0.7406442708485164,-0.7289686274214114
0.9056794816073821,-1.0547768819572627,-0.7501110696304581
0.9062973742168147,-1.476141289346346,-0.7705132427757867
0.9069330203158987,-1.2459286040386575,-0.7901550123756911
0.9075864737669904,-1.3916277631689224,-0.8090169943749469
0.9082577877294418,-1.7973131147551429,-0.8270805742745603
0.9089470146575023,-1.9450646296150162,-0.8443279255020125
0.9096542062982487,-1.6720645377534933,-0.8607420270039439
0.9103794136895413,-2.4204438178029895,-0.8763066800438628
0.9111226871580096,-1.4839473276293333,-0.8910065241883662
0.9118840763170649,-2.7866161182028324,-0.9048270524660202
0.9126636300649428,-1.8345670951992117,-0.917754625683981
0.9134613965827711,-1.6439454618268372,-0.9297764858882506
0.9142774233326696,-2.1937718311253067,-0.940880768954224
0.9151117570558744,-1.767010457819582,-0.9510565162951539
0.9159644437708947,-2.081466318159652,-0.9602936856769427
0.9168355287716943,-0.974483995587382,-0.9685831611286304
0.9177250566259041,-1.912931618810715,-0.9759167619387471
0.918633071173063,-0.9199604764084166,-0.9822872507286887
0.9195596155228873,-1.1983432125933837,-0.9876883405951374
0.920504732053568,-1.2936125350982317,-0.9921147013144773
0.9214684624100977,-0.4022465288379144,-0.9955619646030801
0.9224508475026281,-0.4638359059414968,-0.9980267284282716
0.9234519275048529,-0.3429445002866699,-0.9995065603657315
0.9244717418524233,-0.5098401803721143,-1.0
0.9255103292413907,1.2294077482212118,-0.9995065603657315
0.9265677276266786,0.5737144677234995,-0.9980267284282717
0.927643974220585,0.9837843703777559,-0.9955619646030803
0.9287391054913121,1.1938356799294436,-0.992114701314478
0.9298531571615285,1.3911949705633728,-0.9876883405951378
0.930986164206957,1.3627363064750584,-0.982287250728689
0.9321381608549951,1.3617715533738408,-0.9759167619387482
0.9333091805833629,2.2922106298126272,-0.9685831611286309
0.9344992561187824,1.2956316576867857,-0.9602936856769433
0.9357084194356844,1.6984548206531698,-0.9510565162951544
0.9369367017549471,1.9799238366605343,-0.9408807689542258
0.9381841335426628,2.0379164535115857,-0.9297764858882512
0.9394507445089366,2.2748326383654094,-0.9177546256839817
0.9407365636067113,2.050317379017123,-0.9048270524660209
0.9420416190306262,2.9719267208531264,-0.891006524188367
0.9433659382159032,1.328442883909715,-0.8763066800438637
0.944709547837264,1.0434362416742418,-0.8607420270039448
0.9460724738078765,1.8111137690682788,-0.8443279255020173
0.9474547412783328,1.5368378538126968,-0.8270805742745613
0.9488563746356555,1.3002413719933343,-0.8090169943749479
0.9502773975023351,1.5316254066085753,-0.7901550123756921
0.9517178327353973,0.6118331837704714,-0.77051324277579
0.953177702425501,1.3081689896918012,-0.7501110696304593
0.9546570278960659,1.396164412181108,-0.7289686274214127
0.9561558297024311,0.6505388897263252,-0.70710678118655
0.957674127631043,-0.34484151436832944,-0.6845471059286875
0.9592119406986745,-1.2047417374586757,-0.6613118653236522
0.9607692871516744,-0.9253896462780399,-0.6374239897486915
0.9623461844652468,-0.40190318746728415,-0.612907053652977
0.963942649342761,-1.663927062033692,-0.5877852522924725
0.9655586977150932,-2.1070320700805922,-0.5620833778521315
0.9671943447399958,-3.6587808051434507,-0.5358267949789992
0.9688496048015005,-1.4971831777910487,-0.5090414157503725
0.9705244915093498,-3.0593738601858327,-0.4817536741017151
0.97221901769846,-2.1638932185245565,-0.4539904997395484
0.9739331954284137,-1.8206752049357862,-0.42577929156507605
0.9756670359829851,-1.0118412505129266,-0.39714789063477934
0.9774205498696931,-2.0381131061931717,-0.3681245526846785
0.9791937468193874,-2.703645990295636,-0.33873792024529376
0.9809866357858642,-1.6279176463314828,-0.3090169943749483
0.9827992249455124,-2.545579059878125,-0.2789911060392286
0.9846315216969912,-1.5460635970925816,-0.24868988716485602
0.9864835326609376,-1.255735201322126,-0.2181432413965457
0.9883552636797054,-2.321093972539943,4.812618685414273
0.9902467198171342,0.1443506793625584,-0.1564344650402309
0.99215790535835,-1.1270546399221313,-0.1253332335643062
0.9940888238095955,-0.15316738381489015,-0.0941083133185147
0.9960394778980919,-1.1478327300335591,-0.06279051952931217
0.9980098695719315,0.1477650628135177,-0.031410759078129034
1.0,-0.7310875205212498,-2.6948419387607653e-15
1.0020098695719315,-0.23591468048431868,0.031410759078127196
1.004039477898092,0.07132653000518158,0.06279051952931387
1.0060888238095955,0.3441906031171685,0.09410831331851287
1.00815790535835,0.39429701140692286,0.12533323356430087
1.0102467198171343,0.7775127377035539,0.15643446504022906
1.0123552636797055,0.22150382399849255,0.1873813145857244
1.0144835326609376,1.2841997097526852,0.21814324139654043
1.0166315216969912,2.181884810208926,0.24868988716485424
1.0187992249455124,1.485355943901629,0.2789911060392302
1.0209866357858641,1.5137305463073836,0.30901699437494656
1.0231937468193875,2.0645299776144106,0.33873792024528865
1.025420549869693,2.571176934893217,0.36812455268467675
1.0276670359829851,0.9794153445866789,0.3971478906347809
1.0299331954284137,0.08122351772357583,0.42577929156507116
1.03221901769846,2.734220227673529,0.45399049973954675
1.0345244915093499,2.04819225718815,0.4817536741017135
1.0368496048015006,2.063484312331866,0.509041415750371
1.0391943447399958,1.1950947726994898,0.5358267949789947
1.0415586977150932,1.9493398376386302,0.5620833778521299
1.043942649342761,1.427188546677496,0.5877852522924738
1.0463461844652469,0.6259032501185385,0.6129070536529756
1.0487692871516745,1.2992761186635635,0.6374239897486873
1.0512119406986744,-0.07213803578958355,0.6613118653236507
1.053674127631043,-0.7093637238521209,0.6845471059286887
1.0561558297024312,0.2889292760399581,0.7071067811865462
1.058657027896066,0.007138342655065799,0.7289686274214113
1.061177702425501,-1.3906577964676734,0.750111069630458
1.0637178327353973,-0.4843025217408312,0.7705132427757888
1.0662773975023352,-0.8897560442538399,0.7901550123756887
1.0688563746356556,-0.9604608149732737,0.8090169943749469
1.071454741278333,-2.708112923783749,0.8270805742745622
1.0740724738078766,-0.9466577162161122,0.8443279255020144
1.076709547837264,-2.039409440164269,0.8607420270039438
1.0793659382159033,-1.5445757397215967,0.8763066800438628
1.0820416190306263,-2.5987433893777134,0.8910065241883678
1.0847365636067114,-2.1840057063456144,0.9048270524660187
1.0874507445089368,-1.3107279718412679,0.9177546256839809
1.090184133542663,-1.609013080623881,0.9297764858882506
1.0929367017549472,-1.2270604680224864,0.9408807689542252
1.0957084194356845,-2.1786787420368308,0.9510565162951528
1.0984992561187825,-2.0481574218854015,0.9602936856769427
1.1013091805833632,-2.00357249430973,0.9685831611286312
1.1041381608549952,-1.8826496622718327,0.9759167619387471
1.106986164206957,-1.672363443304894,0.9822872507286887
1.1098531571615284,-0.20443822421772506,0.9876883405951374
1.1127391054913123,-1.246855852554864,0.9921147013144778
1.1156439742205848,0.4730139027560837,0.9955619646030798
1.1185677276266786,0.04669394063235294,0.9980267284282716
1.1215103292413906,0.6830443113111111,0.9995065603657315
1.1244717418524233,1.2596943228112112,1.0
1.1274519275048527,-0.4786925318807058,0.9995065603657315
1.1304508475026278,-0.16044860664168742,0.9980267284282717
1.1334684624100977,0.42096160028669166,0.99556196460308
1.136504732053568,1.9712664824119603,0.9921147013144781
1.1395596155228873,0.8175636868637817,0.9876883405951378
1.142633071173063,1.6202881968901977,0.982287250728689
1.1457250566259038,1.4246973651771346,0.9759167619387475
1.148835528771694,2.0570000996284272,0.9685831611286317
1.1519644437708947,1.820561115649519,0.9602936856769433
1.1551117570558742,2.0020914353495924,0.9510565162951544
1.1582774233326694,0.8195810921166482,0.9408807689542259
1.161461396582771,1.1981765580455188,0.9297764858882512
1.1646636300649424,1.8291511481445575,0.9177546256839818
1.167884076317065,1.7229770220522156,0.9048270524660195
1.1711226871580096,2.9350291762483733,0.8910065241883687
1.1743794136895414,1.435173672343944,0.8763066800438637
1.1776542062982487,2.2570331699223183,0.8607420270039448
1.1809470146575023,0.9100684265795072,0.8443279255020154
1.1842577877294416,0.7453708649682779,0.8270805742745613
1.1875864737669903,1.3724054390356828,0.809016994374948
1.1909330203158985,1.4197393067661377,0.7901550123756922
1.1942973742168146,0.022585910196650683,0.7705132427757901
1.1976794816073821,0.22358610697887865,0.7501110696304594
1.2010792879243681,0.29486871965729994,0.7289686274214127
1.2044967379058162,0.12244627603612881,0.7071067811865476
1.207931775593228,0.4377197650669153,0.6845471059286902
1.2113843443337724,-0.0605105034977364,0.6613118653236523
1.2148543867825234,-0.8162452652449375,0.6374239897486916
1.218341844904722,-1.5049626498379707,0.6129070536529772
1.2218466599780682,-0.8119588481332625,0.5877852522924725
1.22536877259504,-2.0160236231485236,0.5620833778521316
1.2289081226652374,-1.513716147467732,0.5358267949789963
1.232464649417755,-2.0736743954195713,0.5090414157503726
1.2360382914035823,-1.6752488152738876,0.4817536741017152
1.2396289864980279,-2.7109726357310056,0.45399049973954847
1.2432366719031738,-2.2123511783888636,0.42577929156507294
1.2468612841503521,-1.6465401297972864,0.39714789063477945
1.250502759102654,-2.624474346720144,0.3681245526846786
1.2541610319574583,-1.610345702567348,0.33873792024529387
1.2578360372489925,-1.7704118137989027,0.3090169943749484
1.2615277088509154,-1.5360618313709944,0.2789911060392287
1.2652359799789288,-1.2119031208944757,0.24868988716485613
1.2689607831934144,-0.24683867510811153,0.21814324139654234
1.2727020504020938,-1.5266030453919166,0.18738131458572635
1.276459712862719,-1.0141035101489293,0.156434465040231
1.280233701185786,-0.5891280184768137,0.12533323356430634
1.2840239453372737,-0.3892759855655784,0.09410831331851482
1.287830374641408,-1.1042243448185063,0.06279051952931229
1.2916529177834528,0.37016343796528645,0.03141075907812915
1.2954915028125262,-0.07136392398326712,2.8173066186755008e-15
1.299346057144439,1.1300618256314958,-0.03141075907812708
1.3032165075645616,1.6421225551373486,-0.06279051952931375
1.3071027802307142,0.845804260544973,-0.09410831331851274
1.3110048006760824,0.3565029327054928,-0.12533323356430426
1.3149224938121546,0.8784227276470825,-0.15643446504023248
1.3188557839316906,1.7076140577935326,-0.1873813145857243
1.3228045947117058,2.151006549042329,-0.21814324139654032
1.3267688492164884,2.6709517993852394,-0.2486898871648541
1.330748469900633,1.750940992966299,-0.2789911060392301
1.3347433786121052,1.2425935118110014,-0.3090169943749464
1.3387534965953247,1.5346331450349475,-0.33873792024528854
1.3427787444942763,3.1344803748224352,-0.36812455268467664
1.346819042355639,2.1198653487248857,-0.3971478906347808
1.350874309631948,2.4443040253758768,-0.42577929156507105
1.3549444651847702,1.4554288316631663,-0.45399049973954664
1.3590294272879089,1.0290410753008246,-0.48175367410171654
1.36312911363063,1.8492227702641026,-0.5090414157503709
1.367243441320913,2.6161392268431074,-0.5358267949789945
1.3713723268887201,0.9608095487211975,-0.5620833778521299
1.3755156862892943,1.04137273570088,-0.5877852522924737
1.3796734349064765,1.9232194101732114,-0.6129070536529755
1.3838454875560462,1.8723437480384946,-0.6374239897486873
1.3880317584890842,0.06756491901815093,-0.6613118653236534
1.3922321613953574,0.6029835935171399,-0.6845471059286887
1.396446609406726,0.11749255897786372,-0.7071067811865461
1.4006750151005756,-0.6593609714892044,-0.7289686274214113
1.4049172905032636,0.26409357910218056,-0.7501110696304604
1.4091733470935974,-0.6558549772109378,-0.7705132427757888
1.4134430958063255,-0.10238357130056452,-0.7901550123756887
1.4177264470356559,-1.4757819068595548,-0.8090169943749468
1.4220233106387905,-0.21747185793681334,-0.8270805742745622
1.4263335959394876,-1.4699931016583236,-0.8443279255020143
1.4306572117316398,-2.190974652413325,-0.860742027003942
1.4349940662828742,-2.1158555261992786,-0.8763066800438645
1.4393440673381739,-2.0684345784192084,-0.8910065241883678
1.4437071221235218,-2.413133805951468,-0.9048270524660186
1.4480831373495608,-1.4632647235847012,-0.9177546256839809
1.4524720192152778,-1.821505424783838,-0.9297764858882518
1.4568736734117076,-2.0507611095931075,-0.9408807689542251
1.461288005125655,-1.9965581036144107,-0.9510565162951526
1.4657149190434378,-1.9545887758415808,-0.9602936856769437
1.4701543193546498,-1.5284450030623042,-0.9685831611286312
1.4746061097559438,-1.8425464040680715,-0.975916761938747
1.4790701934548327,-1.3168677826652633,-0.982287250728688
1.4835464731735117,-2.54129040878001,-0.987688340595138
1.488034851152697,-0.1862790169513726,-0.9921147013144778
1.4925352291554874,-1.569883224374899,-0.9955619646030798
1.497047508471241,-1.557846136099216,-0.9980267284282716
1.5015715899194704,-0.29541209491493486,-0.9995065603657316
1.5061073738537634,0.3442351412426537,-1.0
1.5106547601657119,0.13468268065490493,-0.9995065603657316
1.5152136482888663,0.7936379500945796,-0.9980267284282714
1.5197839372027044,1.502853312442479,-0.99556196460308
1.5243655254366217,1.041999079750542,-0.9921147013144781
1.5289583110739347,1.0085378072943099,-0.9876883405951383
1.5335621917559061,1.4093715643184688,-0.9822872507286884
1.5381770646857849,2.201695437198259,-0.9759167619387475
1.5428028266328653,2.168444313658557,-0.9685831611286317
1.547439373936562,2.019620441412616,-0.9602936856769423
1.552086602510502,1.897801198293571,-0.9510565162951534
1.556744407846633,1.792024680065756,-0.9408807689542259
1.5614126850193522,1.5789373065537364,-0.9297764858882526
1.5660913286896454,2.625167409585605,-0.9177546256839804
1.5707802331092466,2.0953082965831467,-0.9048270524660196
1.5754792921248142,0.6564228756401198,-0.8910065241883688
1.5801883991821195,1.903276609364488,-0.8763066800438655
1.5849074473302547,1.6859494017343488,-0.860742027003943
1.5896363292258542,2.1892517905485533,-0.8443279255020155
1.5943749371373337,1.6228080192040908,-0.8270805742745634
1.5991231629491425,0.8890707406968382,-0.809016994374946
1.6038808981660304,1.3214993878144643,-0.7901550123756901
1.608648033917334,1.0965785753361226,-0.7705132427757901
1.6134244609612707,0.43586285767193217,-0.7501110696304618
1.6182100696892563,1.1328127322992585,-0.7289686274214103
1.6230047501302267,-0.11230981804616683,-0.7071067811865477
1.6278083919549837,-0.5588539757599067,-0.6845471059286903
1.632620884480549,0.06274969178044898,-0.661311865323655
1.6374421166745339,-1.845054536951681,-0.637423989748689
1.6422719771595207,-0.4600066321290396,-0.6129070536529773
1.6471103542174637,-0.620990059171799,-0.5877852522924755
1.651957135794097,-0.9585268513702176,-0.5620833778521287
1.656812209503358,-1.3468916639057846,-0.5358267949789963
1.6616754626318253,-1.6783095002934898,-0.5090414157503728
1.6665467821431688,-1.4368410363787076,-0.48175367410171843
1.6714260546826099,-2.448244986262079,-0.4539904997395454
1.6763131665813988,-1.81500517184669,-0.42577929156507305
1.6812080038613015,-2.393440590996111,-0.3971478906347828
1.6861104522390993,-1.9119083476625134,-0.368124552684682
1.6910203971310998,-2.1063523933897828,-0.33873792024529065
1.6959377236576612,-3.019341183722232,-0.3090169943749485
1.7008623166477272,-1.7587293013945855,-0.2789911060392322
1.7057940606433748,-1.6322838888060913,-0.2486898871648528
1.7107328399043706,-1.5079209756606922,-0.21814324139654245
1.7156785384127413,-1.130738506998935,-0.18738131458572646
1.7206310398773539,-1.65406119402587,-0.15643446504023464
1.7255902277385071,-1.555396439221385,-0.12533323356430293
1.730555985172529,-0.5968183445578369,-0.09410831331851494
1.7355281950963952,0.08409254161202129,-0.06279051952931596
1.7405067401723473,-0.09556902631457034,-0.03141075907813283
1.7454915028125262,0.25369068153768454,6.12942380210265e-16
1.7504823651836128,0.5397106920601993,0.03141075907812695
1.7554792092114826,0.6727100975558087,0.06279051952931008
1.7604819165858645,1.1125700379975116,0.09410831331851616
1.765490368765012,0.8190772638303756,0.12533323356430415
1.7705044469803852,1.2304038225939398,0.15643446504022884
1.775524032241337,1.0256610270201216,0.1873813145857207
1.7805490053398123,1.123358917409245,0.21814324139654367
1.7855792468550518,1.8473142475043982,0.248689887164854
1.790614637158309,1.936797362071449,0.2789911060392266
1.7956550564175722,0.9354305272170236,0.3090169943749429
1.8007003846022962,1.3956871790376018,0.33873792024529176
1.8057505014881374,2.8208185726905106,0.36812455268467653
1.8108052866617041,1.1877506190894631,0.3971478906347774
1.8158646195253096,0.5949768549284671,0.42577929156507416
1.8209283793017288,2.455835845014975,0.4539904997395465
1.8259964450389725,1.6430255326703493,0.4817536741017133
1.831068695615059,1.3587567164344239,0.5090414157503677
1.8361450097427963,2.8972645794241516,0.5358267949789974
1.8412252659745696,1.4261165331210721,0.5620833778521298
1.8463093427071375,-0.05275270901975415,0.5877852522924707
1.8513971181864315,0.17783299543007058,0.6129070536529783
1.8564884705123619,0.6563986497715579,0.6374239897486899
1.861583277643633,-0.057048053735583304,0.6613118653236506
1.8666814174025579,0.25716681889829246,0.684547105928686
1.8717827674798844,1.2202691672181478,0.7071067811865486
1.8768872054396215,-0.74848211755924,0.7289686274214112
1.8819946087238737,-0.017732380548787174,0.7501110696304579
1.8871048546576807,-1.8030027768030026,0.7705132427757865
1.8922178204538587,-0.6493117476703447,0.7901550123756909
1.8973333832178476,-1.3440456356005253,0.8090169943749467
1.9024514199525646,-1.9220298034266192,0.82708057427456
1.9075718075632595,-1.7767673979920358,0.8443279255020162
1.9126944228623701,-1.45494355738661,0.8607420270039436
1.9178191425743925,-2.9076135169885395,0.8763066800438627
1.9229458433407425,-2.636733277358224,0.8910065241883661
1.9280744017246283,-1.4237340976221267,0.9048270524660201
1.933204694215921,-1.607390514931697,0.9177546256839809
1.9383365972360336,-2.600172401898609,0.9297764858882505
1.943469987142797,-2.3535681908902215,0.9408807689542239
1.9486047402353432,-2.8176131045671395,0.9510565162951538
1.9537407327589875,-2.447495446587878,0.9602936856769427
1.9588778409101149,-1.3495579432001774,0.9685831611286303
1.9640159408410673,-1.4051703888881262,0.9759167619387478
1.9691549086650328,-1.4901898294741855,0.9822872507286886
1.9742946204609357,-1.6882841047364068,0.9876883405951374
1.979434952278331,-0.6207033274970136,0.9921147013144773
1.9845757801422959,-0.6309019929663605,0.9955619646030801
1.9897169800583234,0.521518324979648,0.9980267284282716
1.9948584280172201,0.10661962629737104,0.9995065603657315
